 "lexp" , "perf" , "perflabel" , "yoc" ,
 "http://data.open.ac.uk/led/lexp/1402915111602" , "http://data.open.ac.uk/led/performance/Auld+Lang+Syne+(,+performance+of)/1402914941460" , "performance of 'Auld Lang Syne'" , "19" ,
 "http://data.open.ac.uk/led/lexp/1432133882847" , "http://data.open.ac.uk/led/performance/http://data.open.ac.uk/led/music/Delius's+cello+concerto/1434710922093/1434710922105" , "performance of 'Delius's cello concerto'" , "23" ,
 "http://data.open.ac.uk/led/lexp/1397647732639" , "http://data.open.ac.uk/led/performance/The+Crucifixion+(,+performance+of)/1397647660610" , "performance of 'The Crucifixion'" , "16" ,
 "http://data.open.ac.uk/led/lexp/1435560377740" , "http://data.open.ac.uk/led/performance/http://data.open.ac.uk/led/music/Goodbye+Virginia/1435560272956/1435560272968" , "performance of 'Goodbye Virginia'" , "16" ,
 "http://data.open.ac.uk/led/lexp/1392140915897" , "http://data.open.ac.uk/led/performance/unspecified+Greek+music+(,+performance+of)/1392140656774" , "performance of 'unspecified Greek music'" , "17" ,
 "http://data.open.ac.uk/led/lexp/1399651207005" , "http://data.open.ac.uk/led/performance/Marseillaise+(,+performance+of)/1399651128653" , "performance of 'Marseillaise'" , "18" ,
 "http://data.open.ac.uk/led/lexp/1401896542980" , "http://data.open.ac.uk/led/performance/The+Braban%C3%A7onne+(,+performance+of)/1401896487416" , "performance of 'The Braban��onne'" , "18" ,
 "http://data.open.ac.uk/led/lexp/1460137346265" , "http://data.open.ac.uk/led/performance/0dbccfc860de3b8cdf1586f82bf3a947/1460137283230" , "performance of 'Rehearsing 'Boris Godunov''" , "24" ,
 "http://data.open.ac.uk/led/lexp/1434889017227" , "http://data.open.ac.uk/led/performance/http://data.open.ac.uk/led/music/Mavra+(1922)/1396427364210/1434888987776" , "performance of 'Mavra (1922)'" , "22" ,
 "http://data.open.ac.uk/led/lexp/1481832898957" , "http://data.open.ac.uk/led/performance/673d6fb7b289a73acce04190f41f83b3/1481832758885" , "performance of ''Mavra''" , "22" ,
 "http://data.open.ac.uk/led/lexp/1401894545279" , "http://data.open.ac.uk/led/performance/O+God+Our+Help+in+Ages+Past+(,+performance+of)/1401894430505" , "performance of 'O God Our Help in Ages Past'" , "15" ,
 "http://data.open.ac.uk/led/lexp/1447582364824" , "http://data.open.ac.uk/led/performance/bb7202707d09d88eb38625f059d3e70f/1447582338182" , "performance of 'O that will be glory for me'" , "17" ,
 "http://data.open.ac.uk/led/lexp/1392134703765" , "http://data.open.ac.uk/led/performance/English+hymn+(,+performance+of)/1392134828632" , "performance of 'English hymn'" , "17" ,
 "http://data.open.ac.uk/led/lexp/1396630877283" , "http://data.open.ac.uk/led/performance/Abide+With+Me+(,+performance+of)/1396630840832" , "performance of 'Abide With Me'" , "15" ,
 "http://data.open.ac.uk/led/lexp/1406803723473" , "http://data.open.ac.uk/led/performance/http://led.kmi.open.ac.uk/item/music/First+performance+of+Holst's+'Ode+to+Death',+the+Bach+Choir+conducted+by+Vaughan+Williams.+Letter+from+Holst+to+Vaughan+Williams,+Dec.+1923/1406803692290/1406803692298" , "performance of 'Ode to Death'" , "23" ,
 "http://data.open.ac.uk/led/lexp/1460130143169" , "http://data.open.ac.uk/led/performance/3dbe59d03c68184f1fbd769a82fe8168/1460130070202" , "performance of 'New ballet'" , "24" ,
 "http://data.open.ac.uk/led/lexp/1434887533387" , "http://data.open.ac.uk/led/performance/http://data.open.ac.uk/led/music/'Les+Noces'/1398005839737/1434887508368" , "performance of ''Les Noces''" , "23" ,
 "http://data.open.ac.uk/led/lexp/1481833284320" , "http://data.open.ac.uk/led/performance/c6fe62d99e32cc73efd829c0f6495e92/1481833119034" , "performance of 'Amour sorcier'" , "23" ,
 "http://data.open.ac.uk/led/lexp/1392143921527" , "http://data.open.ac.uk/led/performance/unspecified+church+music+(,+performance+of)/1392143834801" , "unspecified church music" , "17" ,
 "http://data.open.ac.uk/led/lexp/1392143921527" , "http://data.open.ac.uk/led/performance/unspecified+church+music+(,+performance+of)/1392143834801" , "unspecified church music (, performance of)" , "17" ,
 "http://data.open.ac.uk/led/lexp/1443563125215" , "http://data.open.ac.uk/led/performance/e69ba905238d56c1f568a10399fbd435/1443563010312" , "performance of 'Gaelic Songs'" , "22" ,
 "http://data.open.ac.uk/led/lexp/1392135866316" , "http://data.open.ac.uk/led/performance/British+National+Anthem+God+Save+the+King+(,+performance+of)/1392135741253" , "performance of 'God Save the King'" , "17" ,
 "http://data.open.ac.uk/led/lexp/1450196230882" , "http://data.open.ac.uk/led/performance/ddec3175c8cb104c6d3206172f9a13d7/1450196199690" , "performance of 'Symphonies of Wind Instruments'" , "21" ,
 "http://data.open.ac.uk/led/lexp/1409693248514" , "http://data.open.ac.uk/led/performance/http://data.open.ac.uk/led/music/Adagio+from+Bach+Solo+Sonata+for+violin+in+G+minor/1409693226133/1409693226140" , "performance of 'Adagio from Bach Solo Sonata for violin in G minor'" , "21" ,
 "http://data.open.ac.uk/led/lexp/1448981022784" , "http://data.open.ac.uk/led/performance/78b3bc9171f6b31f86b199ce806e4570/1448980963601" , "performance of 'Songs for orchestra'" , "14" ,
 "http://data.open.ac.uk/led/lexp/1449851213663" , "http://data.open.ac.uk/led/performance/41aaea89da076ac574a2972a2797df7e/1450127300823" , "performance of 'Kod��ly's string quartet No. 1'" , "10" ,
 "http://data.open.ac.uk/led/lexp/1435559512755" , "http://data.open.ac.uk/led/performance/http://data.open.ac.uk/led/music/In+dulce+iubilo/1435559386997/1435559450991" , "performance of 'In dulce iubilo'" , "12" ,
 "http://data.open.ac.uk/led/lexp/1445794529158" , "http://data.open.ac.uk/led/performance/8de212cbda6fabe32b4cd20189591989/1445794335433" , "performance of 'Piano Trio No. 1'" , "10" ,
 "http://data.open.ac.uk/led/lexp/1445795228144" , "http://data.open.ac.uk/led/performance/e5a3c3b75b0456989ca889653266ec0d/1445795075331" , "performance of 'Piano Trio No. 1'" , "10" ,
 "http://data.open.ac.uk/led/lexp/1464521197151" , "http://data.open.ac.uk/led/performance/ba13bbdc521ef8fe9cf9ce4c2e7c3387/1464521164207" , "performance of 'Third Piano Concerto'" , "25" ,
 "http://data.open.ac.uk/led/lexp/1456497028646" , "http://data.open.ac.uk/led/performance/cd4dd9fc160299940635160a61c9944d/1456497013486" , "performance of 'Piano Sonatas 4 and 5'" , "20" ,
 "http://data.open.ac.uk/led/lexp/1450292939086" , "http://data.open.ac.uk/led/performance/7971f8bfc77ea67cbe659ca8517fb019/1450292816429" , "performance of 'Mozart Violin concerto'" , "14" ,
 "http://data.open.ac.uk/led/lexp/1450293192897" , "http://data.open.ac.uk/led/performance/491ffaa0978662bdd3d0bae60fadd6f0/1450293177909" , "performance of 'The Rite of Spring'" , "20" ,
 "http://data.open.ac.uk/led/lexp/1450292939086" , "http://data.open.ac.uk/led/performance/491ffaa0978662bdd3d0bae60fadd6f0/1450292543602" , "performance of 'The Rite of Spring'" , "14" ,
 "http://data.open.ac.uk/led/lexp/1450196624262" , "http://data.open.ac.uk/led/performance/c4a61b21881d8a03594c8809d4bf29b4/1450196606247" , "performance of 'Le sacre du printemps (1911-13)'" , "21" ,
 "http://data.open.ac.uk/led/lexp/1434573882918" , "http://data.open.ac.uk/led/performance/http://data.open.ac.uk/led/music/Daphnis+et+Chlo%25C3%25A9/1434573836129/1434573836141" , "performance of 'Daphnis et Chlo��'" , "10" ,
 "http://data.open.ac.uk/led/lexp/1408021273672" , "http://data.open.ac.uk/led/performance/http://led.kmi.open.ac.uk/item/music/Regimental+March+(Argyll+and+Sutherland+Highlanders)/1408021203026/1408021203034" , "performance of 'Regimental March (Argyll and Sutherland Highlanders)'" , "16" ,
 "http://data.open.ac.uk/led/lexp/1467039937343" , "http://data.open.ac.uk/led/performance/b5afb00a0809babe5b46512913f423b1/1467039892903" , "performance of 'Deuxieme Suite'" , "22" ,
 "http://data.open.ac.uk/led/lexp/1432545050385" , "http://data.open.ac.uk/led/performance/http://data.open.ac.uk/led/music/Tasso/1432374284998/1432545030489" , "Tasso (, performance of)" , "12" ,
 "http://data.open.ac.uk/led/lexp/1456512941548" , "http://data.open.ac.uk/led/performance/09613042c8b3127e1f4c3682ee5ba6fd/1456512899205" , "performance of 'Susano-o and the Serpent'" , "22" ,
 "http://data.open.ac.uk/led/lexp/1425501068840" , "http://data.open.ac.uk/led/performance/http://data.open.ac.uk/led/music/Beethoven's+Eight+Symphony/1425512372792/1425512372804" , "performance of 'Beethoven's Eight Symphony'" , "23" ,
 "http://data.open.ac.uk/led/lexp/1425512667568" , "http://data.open.ac.uk/led/performance/http://data.open.ac.uk/led/music/Schumann+Symphony/1425512633575/1425512633588" , "performance of 'Schumann Symphony'" , "23" ,
 "http://data.open.ac.uk/led/lexp/1409693067218" , "http://data.open.ac.uk/led/performance/http://data.open.ac.uk/led/music/'Gypsy+Airs'/1409692907642/1409692907649" , "performance of ''Gypsy Airs''" , "21" ,
 "http://data.open.ac.uk/led/lexp/1409692705710" , "http://data.open.ac.uk/led/performance/http://data.open.ac.uk/led/music/Violin+playing/1409692677299/1409692677308" , "performance of 'Violin playing'" , "19" ,
 "http://data.open.ac.uk/led/lexp/1409693551541" , "http://data.open.ac.uk/led/performance/http://data.open.ac.uk/led/music/Persinger's+reaction+to+a+performance+of+Mozart+A+Major+violin+concerto+by+a+young+Yehudi+Menuhin/1409693523017/1409693523023" , "performance of 'Persinger's reaction to a performance of Mozart A Major violin concerto by a young Yehudi Menuhin'" , "23" ,
 "http://data.open.ac.uk/led/lexp/1434888070017" , "http://data.open.ac.uk/led/performance/http://data.open.ac.uk/led/music/Octuor/1434888014049/1434888014061" , "performance of 'Octuor'" , "23" ,
 "http://data.open.ac.uk/led/lexp/1434817415102" , "http://data.open.ac.uk/led/performance/1d0b6c120608b9afdefdd7a5e5222d75/1472131200603" , "performance of 'Bugle Call Rag'" , "23" ,
 "http://data.open.ac.uk/led/lexp/1436027487472" , "http://data.open.ac.uk/led/performance/21e974e626576a10f8a7c2edcd6c1821/1472551487977" , "performance of 'Sweet Lorraine'" , "23" ,
 "http://data.open.ac.uk/led/lexp/1434818209645" , "http://data.open.ac.uk/led/performance/http://data.open.ac.uk/led/music/jazz+horn+music/1433525395824/1434818098071" , "performance of 'jazz horn music'" , "23" ,
 "http://data.open.ac.uk/led/lexp/1443562185625" , "http://data.open.ac.uk/led/performance/801399eb24038cfd644fd5af0a30706b/1443562122440" , "performance of 'Songs of the Hebrides'" , "21" ,
 "http://data.open.ac.uk/led/lexp/1481833965715" , "http://data.open.ac.uk/led/performance/6da6ade0d14374913177a6a0b148b20b/1481833885261" , "performance of 'Symphonie with Voices'" , "23" ,
 "http://data.open.ac.uk/led/lexp/1456511825496" , "http://data.open.ac.uk/led/performance/ab1463c4080f530ff9df32f15ed82a8e/1456511641451" , "performance of 'Carmen'" , "22" ,
 "http://data.open.ac.uk/led/lexp/1446720543292" , "http://data.open.ac.uk/led/performance/dfcf673faf2bb0b6be5d81692e1aba2e/1446720457364" , "performance of 'Llef'" , "19" ,
 "http://data.open.ac.uk/led/lexp/1431987236952" , "http://data.open.ac.uk/led/performance/http://data.open.ac.uk/led/music/Dvorak's+Cello+Concerto/1431974324408/1431987009098" , "performance of 'Dvorak's Cello Concerto'" , "11" ,
 "http://data.open.ac.uk/led/lexp/1431987236952" , "http://data.open.ac.uk/led/performance/http://data.open.ac.uk/led/music/Haydn+Concerto+in+D/1431986943727/1431986943732" , "performance of 'Haydn Concerto in D'" , "11" ,
 "http://data.open.ac.uk/led/lexp/1431987236952" , "http://data.open.ac.uk/led/performance/http://data.open.ac.uk/led/music/Tchaikovsky's+Variations+on+a+Rococo+Theme/1431987086305/1431987086316" , "performance of 'Tchaikovsky's Variations on a Rococo Theme'" , "11" ,
 "http://data.open.ac.uk/led/lexp/1402484900240" , "http://data.open.ac.uk/led/performance/Tipperary+(,+performance+of)/1402484846713" , "performance of 'Tipperary'" , "14" ,
 "http://data.open.ac.uk/led/lexp/1432982795628" , "http://data.open.ac.uk/led/performance/http://data.open.ac.uk/led/music/Trois+equals+for+four+trombones/1432982331590/1432982331601" , "performance of 'Trois equals for four trombones'" , "10" ,
 "http://data.open.ac.uk/led/lexp/1432982795628" , "http://data.open.ac.uk/led/performance/http://data.open.ac.uk/led/music/March+Funebre/1432982752766/1432982752781" , "performance of 'March Funebre'" , "10" ,
 "http://data.open.ac.uk/led/lexp/1401891815381" , "http://data.open.ac.uk/led/performance/The+British+Grenadiers+(,+performance+of)/1401891611969" , "performance of 'The British Grenadiers'" , "14" ,
 "http://data.open.ac.uk/led/lexp/1450361484800" , "http://data.open.ac.uk/led/performance/c0244a4c4c3cb01a02706c01a815c058/1450361460808" , "performance of 'Pierrot Lunaire'" , "12" ,
 "http://data.open.ac.uk/led/lexp/1432984504343" , "http://data.open.ac.uk/led/performance/http://data.open.ac.uk/led/performance/church+anthem+(,+performance+of)/1391799241053/1432984240944" , "performance of 'church anthem'" , "10" ,
 "http://data.open.ac.uk/led/lexp/1424374609798" , "http://data.open.ac.uk/led/performance/http://data.open.ac.uk/led/music/Romance+for+viola+and+orchestra/1424374439930/1424374439943" , "performance of 'Romance for viola and orchestra'" , "18" ,
 "http://data.open.ac.uk/led/lexp/1450109709362" , "http://data.open.ac.uk/led/performance/31a8999c3078961c079cfa726cbca597/1450109682336" , "performance of 'Suite n�� 1, op. 3'" , "15" ,
 "http://data.open.ac.uk/led/lexp/1434573420345" , "http://data.open.ac.uk/led/performance/http://data.open.ac.uk/led/music/Petrushka/1434573397617/1434573397629" , "performance of 'Petrushka'" , "10" ,
 "http://data.open.ac.uk/led/lexp/1409692544795" , "http://data.open.ac.uk/led/performance/http://data.open.ac.uk/led/music/Symphony+Orchestra+concert/1409692518641/1409692518647" , "performance of 'Symphony Orchestra concert'" , "18" ,
 "http://data.open.ac.uk/led/lexp/1434462805694" , "http://data.open.ac.uk/led/performance/http://data.open.ac.uk/led/music/Beethoven's+Violin+Concerto/1433270479137/1434462771946" , "performance of 'Beethoven's Violin Concerto'" , "21" ,
 "http://data.open.ac.uk/led/lexp/1425428001979" , "http://data.open.ac.uk/led/performance/http://data.open.ac.uk/led/music/Emperor+Concerto+/+Mendelssohn+cello+sonatas/1425427975185/1425427975198" , "performance of 'Emperor Concerto / Mendelssohn cello sonatas'" , "20" ,
 "http://data.open.ac.uk/led/lexp/1392132841557" , "http://data.open.ac.uk/led/performance/improvisations+(,+performance+of)/1392132519762" , "performance of 'improvisations'" , "14" ,
 "http://data.open.ac.uk/led/lexp/1427917890676" , "http://data.open.ac.uk/led/performance/http://data.open.ac.uk/led/music/B+minor+Sonata/1401880228867/1427917870944" , "performance of 'B minor Sonata'" , "21" ,
 "http://data.open.ac.uk/led/lexp/1432545258735" , "http://data.open.ac.uk/led/performance/http://data.open.ac.uk/led/music/Sonata+in+B+Minor/1432545238572/1432545238583" , "performance of 'Sonata in B Minor'" , "12" ,
 "http://data.open.ac.uk/led/lexp/1406225674662" , "http://data.open.ac.uk/led/performance/http://led.kmi.open.ac.uk/item/music/Rachmaninoff's+Second+Piano+Concerto,+performed+by+the+composer+in+pre-revolutionary+St.+Petersburg/1406225644224/1406225644228" , "performance of 'Rachmaninoff's Second Piano Concerto, performed by the composer in pre-revolutionary St. Petersburg'" , "15" ,
 "http://data.open.ac.uk/led/lexp/1392145163569" , "http://data.open.ac.uk/led/performance/piano+arrangements+(,+performance+of)/1392144876294" , "performance of 'piano arrangements'" , "18" ,
 "http://data.open.ac.uk/led/lexp/1432659496850" , "http://data.open.ac.uk/led/performance/http://data.open.ac.uk/led/music/Busoni's+violin+concerto/1432659470154/1432659470166" , "performance of 'Busoni's violin concerto'" , "12" ,
 "http://data.open.ac.uk/led/lexp/1435064554383" , "http://data.open.ac.uk/led/performance/http://data.open.ac.uk/led/music/jazz+trumpet+performance/1430820397642/1435064526940" , "performance of 'jazz trumpet performance'" , "22" ,
 "http://data.open.ac.uk/led/lexp/1450108653062" , "http://data.open.ac.uk/led/performance/910407f8481fb2f38e086194ab287da3/1450108597562" , "performance of 'Dodoloai'" , "12" ,
 "http://data.open.ac.uk/led/lexp/1402054508168" , "http://data.open.ac.uk/led/performance/The+Old+Bull+and+Bush+(,+performance+of)/1402054480755" , "performance of 'The Old Bull and Bush'" , "15" ,
 "http://data.open.ac.uk/led/lexp/1450110653714" , "http://data.open.ac.uk/led/performance/5f48911855a8f49e316cc1877b425b47/1450110544670" , "performance of 'Hungarian songs'" , "18" ,
 "http://data.open.ac.uk/led/lexp/1456497666814" , "http://data.open.ac.uk/led/performance/edadaf0c5e5556be7e42377213187085/1456497606377" , "performance of 'Rosa Mundi'" , "21" ,
 "http://data.open.ac.uk/led/lexp/1436031656479" , "http://data.open.ac.uk/led/performance/http://data.open.ac.uk/led/music/Blues+trumpet+music/1433676449611/1436031615951" , "performance of 'Blues trumpet music'" , "21" ,
 "http://data.open.ac.uk/led/lexp/1435251926787" , "http://data.open.ac.uk/led/performance/http://data.open.ac.uk/led/music/Concerto+for+two+violins/1435251853948/1435251853960" , "performance of 'Concerto for two violins'" , "15" ,
 "http://data.open.ac.uk/led/lexp/1450292939086" , "http://data.open.ac.uk/led/performance/907b1103537080da8b105f19f508b7b0/1450292916462" , "performance of 'Bach's Double Concerto'" , "14" ,
 "http://data.open.ac.uk/led/lexp/1425428483059" , "http://data.open.ac.uk/led/performance/http://data.open.ac.uk/led/music/Dvo%25C5%2599%25C3%25A1k+Cello+Concerto/1406057330519/1425428469701" , "performance of 'Dvo����k Cello Concerto'" , "21" ,
 "http://data.open.ac.uk/led/lexp/1432545479809" , "http://data.open.ac.uk/led/performance/http://data.open.ac.uk/led/music/Lieder/1432545460383/1432545460395" , "performance of 'Lieder'" , "12" ,
 "http://data.open.ac.uk/led/lexp/1402068716179" , "http://data.open.ac.uk/led/performance/Baby+Doll+(,+performance+of)/1402068670852" , "performance of 'Baby Doll'" , "14" ,
 "http://data.open.ac.uk/led/lexp/1435249586116" , "http://data.open.ac.uk/led/performance/http://data.open.ac.uk/led/music/Blues/1427203759180/1435249541619" , "performance of 'Blues'" , "21" ,
 "http://data.open.ac.uk/led/lexp/1445896540641" , "http://data.open.ac.uk/led/performance/bbd191099ba5873e2e35339982966350/1445896468984" , "performance of ''Auf dem Wasser''" , "12" ,
 "http://data.open.ac.uk/led/lexp/1460128193495" , "http://data.open.ac.uk/led/performance/41960f87997b9fc1f3febe046d6c9258/1460128162950" , "performance of 'Les Biches'" , "24" ,
 "http://data.open.ac.uk/led/lexp/1402932164628" , "http://data.open.ac.uk/led/performance/A+Hundred+Pipers+(,+performance+of)/1402932075804" , "performance of 'A Hundred Pipers'" , "15" ,
 "http://data.open.ac.uk/led/lexp/1443563688737" , "http://data.open.ac.uk/led/performance/19995a43abcae68d1ac4976640f57cf1/1443563411956" , "performance of ''A Crone's Lilt''" , "22" ,
 "http://data.open.ac.uk/led/lexp/1445894543901" , "http://data.open.ac.uk/led/performance/e15c0adde0f1ee3db81e4ec03e74eb4a/1445894484427" , "performance of 'Songs My Mother Taught Me'" , "10" ,
 "http://data.open.ac.uk/led/lexp/1445894543901" , "http://data.open.ac.uk/led/performance/58b945042ef57e02e364770b38de0bf1/1445894402147" , "performance of 'Song'" , "10" ,
 "http://data.open.ac.uk/led/lexp/1445894543901" , "http://data.open.ac.uk/led/performance/c67353c5d8db83e2c5209bc6d1f68468/1445894123187" , "performance of ''Because''" , "10" ,
 "http://data.open.ac.uk/led/lexp/1443563688737" , "http://data.open.ac.uk/led/performance/3fee4c068bff2032c813c0af297d8c6b/1443563495734" , "performance of 'Hebridean Songs'" , "22" ,
 "http://data.open.ac.uk/led/lexp/1464553302486" , "http://data.open.ac.uk/led/performance/55677ba36e0dacd57351cd70c1ad8b2d/1464553265921" , "performance of 'Symphony'" , "25" ,
 "http://data.open.ac.uk/led/lexp/1464557654752" , "http://data.open.ac.uk/led/performance/13ddcd01115374969f89a8a2e8ead074/1464557626235" , "performance of 'Piano Concerto No. 3'" , "25" ,
 "http://data.open.ac.uk/led/lexp/1464553302486" , "http://data.open.ac.uk/led/performance/9ff6c9e56f5c174fcc10eed8e58e1b34/1464553188931" , "performance of 'Second Piano Concerto'" , "25" ,
 "http://data.open.ac.uk/led/lexp/1445897745212" , "http://data.open.ac.uk/led/performance/ce2d1e652953148eeaf2228d6db123de/1445897399619" , "performance of 'Songs'" , "19" ,
 "http://data.open.ac.uk/led/lexp/1445897745212" , "http://data.open.ac.uk/led/performance/137c3073d8ccc23f1ca0e050621a00c5/1445897517029" , "performance of 'Suite Bergamasque'" , "19" ,
 "http://data.open.ac.uk/led/lexp/1456513371009" , "http://data.open.ac.uk/led/performance/c37c8fa0eaba61e3f43c49d35fc89ea8/1456513317935" , "performance of 'unspecified piano music by Debussy'" , "22" ,
 "http://data.open.ac.uk/led/lexp/1456512304926" , "http://data.open.ac.uk/led/performance/f9df8293ac4e9b1ebb3aa6660f26514f/1456512184014" , "performance of ''Somewhere a Voice is Calling''" , "22" ,
 "http://data.open.ac.uk/led/lexp/1443564904851" , "http://data.open.ac.uk/led/performance/17b780f41844fd6aa92d5ceecb793dd2/1443564703370" , "performance of 'Hebridean songs to accompany 'Waulking' and dancing'" , "23" ,
 "http://data.open.ac.uk/led/lexp/1434886468997" , "http://data.open.ac.uk/led/performance/http://data.open.ac.uk/led/music/Renard/1434886233669/1434886444080" , "performance of 'Renard'" , "21" ,
 "http://data.open.ac.uk/led/lexp/1456511825496" , "http://data.open.ac.uk/led/performance/ec485187909cbe33373c3df362f094df/1456511457813" , "performance of 'Liebeslied'" , "22" ,
 "http://data.open.ac.uk/led/lexp/1450107526002" , "http://data.open.ac.uk/led/performance/c0c9417c03008f20f6fa7d8a5e2cbc47/1450107745381" , "performance of 'Lebensmesse (Mass of Life)'" , "11" ,
 "http://data.open.ac.uk/led/lexp/1431986750939" , "http://data.open.ac.uk/led/performance/http://data.open.ac.uk/led/music/Beethoven's+Emperor+Concerto/1431986732300/1431986732311" , "performance of 'Beethoven's Emperor Concerto'" , "11" ,
 "http://data.open.ac.uk/led/lexp/1425427590149" , "http://data.open.ac.uk/led/performance/http://data.open.ac.uk/led/music/Polonaise/1425427576410/1425427576427" , "performance of 'Polonaise'" , "16" ,
 "http://data.open.ac.uk/led/lexp/1400690399597" , "http://data.open.ac.uk/led/performance/Tchaikovsky+symphony+(,+performance+of)/1400690276244" , "performance of 'Tchaikovsky symphony'" , "16" ,
 "http://data.open.ac.uk/led/lexp/1432978710604" , "http://data.open.ac.uk/led/performance/http://data.open.ac.uk/led/music/Deryn+du/1432978668119/1432978668131" , "performance of 'Deryn du'" , "11" ,
 "http://data.open.ac.uk/led/lexp/1471883701845" , "http://data.open.ac.uk/led/performance/7925f9c3fd53abe53d3eab7629991c27/1471883664935" , "performance of 'Livery Stable Blues'" , "17" ,
 "http://data.open.ac.uk/led/lexp/1424560209235" , "http://data.open.ac.uk/led/performance/http://data.open.ac.uk/led/music/Opera/1424560155983/1424560155997" , "performance of 'Rimsky-Korsakov's Opera'" , "17" ,
 "http://data.open.ac.uk/led/lexp/1424561497562" , "http://data.open.ac.uk/led/performance/http://data.open.ac.uk/led/music/Goyescas/1424561471955/1424561471969" , "performance of 'Goyescas'" , "16" ,
 "http://data.open.ac.uk/led/lexp/1436021768870" , "http://data.open.ac.uk/led/performance/ed3690f75697ca1524ae57156d2f347f/1472553215847" , "performance of 'Nearer my God to thee'" , "17" ,
 "http://data.open.ac.uk/led/lexp/1445895142087" , "http://data.open.ac.uk/led/performance/3fdb58c863e5fec3f8202772ac7448a5/1445894855011" , "performance of 'Prelude No. 17'" , "11" ,
 "http://data.open.ac.uk/led/lexp/1445895142087" , "http://data.open.ac.uk/led/performance/8820422edc703e7ef4fef59e5941e545/1445895049506" , "performance of ''To Spring''" , "11" ,
 "http://data.open.ac.uk/led/lexp/1450290969672" , "http://data.open.ac.uk/led/performance/85ece4fe8ad87ab286ca511d198a77c9/1450290925586" , "performance of 'The Firebird'" , "10" ,
 "http://data.open.ac.uk/led/lexp/1449945081156" , "http://data.open.ac.uk/led/performance/17853f941ffc1addcb93e8b75d0d816d/1450127779222" , "performance of 'Lebensmesse'" , "11" ,
 "http://data.open.ac.uk/led/lexp/1433140776828" , "http://data.open.ac.uk/led/performance/http://data.open.ac.uk/led/music/Choral+Fugue/1433140662739/1433140662754" , "performance of 'Choral Fugue'" , "10" ,
 "http://data.open.ac.uk/led/lexp/1433140776828" , "http://data.open.ac.uk/led/performance/http://data.open.ac.uk/led/music/Larghetto/1433140509275/1433140509287" , "performance of 'Larghetto'" , "10" ,
 "http://data.open.ac.uk/led/lexp/1433140776828" , "http://data.open.ac.uk/led/performance/http://data.open.ac.uk/led/music/Organ+works/1432984369517/1433140704004" , "performance of 'Organ works'" , "10" ,
 "http://data.open.ac.uk/led/lexp/1447161963857" , "http://data.open.ac.uk/led/performance/d1252b7745b150107bfb755122b8a06f/1447161916196" , "performance of 'Stop, stop, stop'" , "11" ,
 "http://data.open.ac.uk/led/lexp/1464083338548" , "http://data.open.ac.uk/led/performance/128299a875f1031ab3abc71b51ace7b4/1464083287148" , "performance of 'Russian Passion service'" , "25" ,
 "http://data.open.ac.uk/led/lexp/1392137786332" , "http://data.open.ac.uk/led/performance/Vorspiel+Act+3+and+Quintet+from+Die+Meistersinger+von+Nurnberg+(,+performance+of)/1392138186546" , "performance of 'Vorspiel Act 3 and Quintet from Die Meistersinger von Nurnberg'" , "17" ,
 "http://data.open.ac.uk/led/lexp/1464520035341" , "http://data.open.ac.uk/led/performance/95ea0185af23d595720a3c25f7cfe0ee/1464520002786" , "performance of 'Tune from 'Matelots''" , "25" ,
 "http://data.open.ac.uk/led/lexp/1405929643286" , "http://data.open.ac.uk/led/performance/http://led.kmi.open.ac.uk/item/music/Auld+Lang+Syne/1396279950034/1406210288400" , "performance of 'Auld Lang Syne'" , "15" ,
 "http://data.open.ac.uk/led/lexp/1392146433129" , "http://data.open.ac.uk/led/performance/The+Entry+of+the+Gods+into+Valhalla++from+Das+Rheingold+(,+performance+of)/1392148766576" , "performance of 'The Entry of the Gods into Valhalla  from Das Rheingold'" , "18" ,
 "http://data.open.ac.uk/led/lexp/1392146433129" , "http://data.open.ac.uk/led/performance/Pilgrims'+Chorus+from+Tannhauser+(,+performance+of)/1392148605429" , "performance of 'Pilgrims' Chorus from Tannhauser'" , "18" ,
 "http://data.open.ac.uk/led/lexp/1392146433129" , "http://data.open.ac.uk/led/performance/Bridal+March+from+the+Birds+(,+performance+of)/1392148477837" , "performance of 'Bridal March from the Birds'" , "18" ,
 "http://data.open.ac.uk/led/lexp/1392146433129" , "http://data.open.ac.uk/led/performance/Marches+from+'Jephtha'+and+Scipio+(,+performance+of)/1392146384021" , "performance of 'Marches from 'Jephtha' and Scipio'" , "18" ,
 "http://data.open.ac.uk/led/lexp/1397143278944" , "http://data.open.ac.uk/led/performance/matins+(,+performance+of)/1397143243001" , "performance of 'matins'" , "18" ,
 "http://data.open.ac.uk/led/lexp/1399468859293" , "http://data.open.ac.uk/led/performance/organ+voluntary+(,+performance+of)/1399468786293" , "performance of 'organ voluntary'" , "16" ,
 "http://data.open.ac.uk/led/lexp/1464039723509" , "http://data.open.ac.uk/led/performance/426e094c0c82cc8b82f714a5abee94cf/1464039827845" , "performance of 'The Love of Three Oranges, Op.33'" , "25" ,
 "http://data.open.ac.uk/led/lexp/1434887133503" , "http://data.open.ac.uk/led/performance/http://data.open.ac.uk/led/music/Mavra+(1922)/1396427364210/1434887038211" , "performance of 'Mavra (1922)'" , "22" ,
 "http://data.open.ac.uk/led/lexp/1460131206435" , "http://data.open.ac.uk/led/performance/9f95669ce15c64e21b4c5641c52a1f77/1460131183392" , "performance of 'Ruslan and Lyudmila Overture, arranged for two pianos'" , "24" ,
 "http://data.open.ac.uk/led/lexp/1391367267829" , "http://data.open.ac.uk/led/performance/O+Come+all+ye+faithful+(,+performance+of)/1392130641764" , "performance of 'O Come all ye faithful'" , "16" ,
 "http://data.open.ac.uk/led/lexp/1464102134196" , "http://data.open.ac.uk/led/performance/ba13bbdc521ef8fe9cf9ce4c2e7c3387/1464102102916" , "performance of 'Third Piano Concerto'" , "25" ,
 "http://data.open.ac.uk/led/lexp/1464045131803" , "http://data.open.ac.uk/led/performance/582b84e733ab6d4d353b4b05ce4c62da/1464045093273" , "performance of 'Piano Concerto'" , "25" ,
 "http://data.open.ac.uk/led/lexp/1460139644148" , "http://data.open.ac.uk/led/performance/f211d037949b1b969d2cc495c278a335/1460139613516" , "performance of 'Five Songs of Konstantin Balmont, Op. 36'" , "25" ,
 "http://data.open.ac.uk/led/lexp/1464083012051" , "http://data.open.ac.uk/led/performance/4be95f8ebaed538b31fe3e9810fffafe/1464082979788" , "performance of 'Sonatina'" , "25" ,
 "http://data.open.ac.uk/led/lexp/1433270519557" , "http://data.open.ac.uk/led/performance/http://data.open.ac.uk/led/music/Beethoven's+Violin+Concerto/1433270479137/1433270479148" , "performance of 'Beethoven's Violin Concerto'" , "25" ,
 "http://data.open.ac.uk/led/lexp/1464555648814" , "http://data.open.ac.uk/led/performance/18c8435faeff33e08237cda06fc8b0cc/1464555615824" , "performance of ''Rosyanka''" , "25" ,
 "http://data.open.ac.uk/led/lexp/1402420079956" , "http://data.open.ac.uk/led/performance/The+Flowers+of+the+Forest+(,+performance+of)/1402419954839" , "performance of 'The Flowers of the Forest'" , "16" ,
 "http://data.open.ac.uk/led/lexp/1482259468607" , "http://data.open.ac.uk/led/performance/783d3320bf2465e59cd22c6b66df9a4b/1482259261572" , "performance of 'La Brebis ��gar��e'" , "23" ,
 "http://data.open.ac.uk/led/lexp/1464216705229" , "http://data.open.ac.uk/led/performance/4f0563645c2f7e16dd926c1a49676cb8/1464216671551" , "performance of 'Concerto for Piano'" , "25" ,
 "http://data.open.ac.uk/led/lexp/1464385241704" , "http://data.open.ac.uk/led/performance/36998143a5ec3f4781317963c2087a97/1464385204932" , "performance of 'Piano Concerto'" , "25" ,
 "http://data.open.ac.uk/led/lexp/1460141219958" , "http://data.open.ac.uk/led/performance/7c1e2a49755fbf287c08d20b4cd70062/1460141159504" , "performance of 'March'" , "25" ,
 "http://data.open.ac.uk/led/lexp/1464101651908" , "http://data.open.ac.uk/led/performance/ed3f7e422520d42174199ce4cf60f76b/1464101597577" , "performance of 'The Steel Step'" , "25" ,
 "http://data.open.ac.uk/led/lexp/1460141219958" , "http://data.open.ac.uk/led/performance/cb3ccedb5bb41a59b93af6d7c93b3b21/1460141200743" , "performance of 'Visions Fugitives'" , "25" ,
 "http://data.open.ac.uk/led/lexp/1464100756167" , "http://data.open.ac.uk/led/performance/3578b85d47cd10134ad7399fc3d6176b/1464100705990" , "performance of 'The Ugly Duckling, Op. 18'" , "24" ,
 "http://data.open.ac.uk/led/lexp/1464304347332" , "http://data.open.ac.uk/led/performance/308a176eea28312faf7b8f68e9e9b2de/1464304268503" , "performance of 'contemporary works'" , "25" ,
 "http://data.open.ac.uk/led/lexp/1464388311272" , "http://data.open.ac.uk/led/performance/de26e6d51c942d7f9bbab27fd576fc13/1464388283998" , "performance of 'Matelots'" , "25" ,
 "http://data.open.ac.uk/led/lexp/1464304347332" , "http://data.open.ac.uk/led/performance/f88327cc3ae1e93ee25e65df85bd54fa/1464304311798" , "performance of 'Valses nobles'" , "25" ,
 "http://data.open.ac.uk/led/lexp/1464216705229" , "http://data.open.ac.uk/led/performance/255815aa05693070e2ad90c156076ee5/1464216557666" , "performance of 'Extase'" , "25" ,
 "http://data.open.ac.uk/led/lexp/1464385241704" , "http://data.open.ac.uk/led/performance/5990397e688d79fd1b2b1c1dced0ef4c/1464385047225" , "performance of 'Petrushka'" , "25" ,
 "http://data.open.ac.uk/led/lexp/1464388710614" , "http://data.open.ac.uk/led/performance/41960f87997b9fc1f3febe046d6c9258/1464388686034" , "performance of 'Les Biches'" , "25" ,
 "http://data.open.ac.uk/led/lexp/1436028792161" , "http://data.open.ac.uk/led/performance/http://data.open.ac.uk/led/music/classical+music+performance/1436028622152/1436028622164" , "performance of 'classical music performance'" , "23" ,
 "http://data.open.ac.uk/led/lexp/1433012802782" , "http://data.open.ac.uk/led/performance/http://data.open.ac.uk/led/music/Stravinsky's+Piano+Sonata/1433012782696/1433012782707" , "performance of 'Stravinsky's Piano Sonata'" , "23" ,
 "http://data.open.ac.uk/led/lexp/1434888849270" , "http://data.open.ac.uk/led/performance/http://data.open.ac.uk/led/music/Concertino/1434888373372/1434888373383" , "performance of 'Concertino'" , "24" ,
 "http://data.open.ac.uk/led/lexp/1436028792161" , "http://data.open.ac.uk/led/performance/http://data.open.ac.uk/led/performance/jazz+(,+performance+of)/1401011471933/1436028765588" , "performance of 'jazz (, performance of)'" , "23" ,
 "http://data.open.ac.uk/led/lexp/1464389049541" , "http://data.open.ac.uk/led/performance/c418b94c11d9cfec1278757296825c01/1464389020907" , "performance of 'Songs'" , "25" ,
 "http://data.open.ac.uk/led/lexp/1464086672768" , "http://data.open.ac.uk/led/performance/bdd9db07128fcfc030711fe9c38cbd9f/1464086539640" , "performance of 'Piano Concerto'" , "25" ,
 "http://data.open.ac.uk/led/lexp/1460139335248" , "http://data.open.ac.uk/led/performance/7e43a4043449a9ae86176ce0344d2827/1460139314279" , "performance of 'Various works'" , "24" ,
 "http://data.open.ac.uk/led/lexp/1463778527046" , "http://data.open.ac.uk/led/performance/f26097da30b7a2fb4db7ae6b24d0f2f6/1463778379901" , "performance of 'Sarcasms'" , "25" ,
 "http://data.open.ac.uk/led/lexp/1450351859630" , "http://data.open.ac.uk/led/performance/7d0a39e416b80691d7f8be17de74ebf7/1450351841352" , "performance of 'The Soldier'" , "23" ,
 "http://data.open.ac.uk/led/lexp/1464385766855" , "http://data.open.ac.uk/led/performance/de26e6d51c942d7f9bbab27fd576fc13/1464385415708" , "performance of 'Matelots'" , "25" ,
 "http://data.open.ac.uk/led/lexp/1450111048055" , "http://data.open.ac.uk/led/performance/900086d7ad92eca2587f15a69daab6f4/1450110955740" , "performance of 'Bart��k's violin sonata'" , "23" ,
 "http://data.open.ac.uk/led/lexp/1434888849270" , "http://data.open.ac.uk/led/performance/http://data.open.ac.uk/led/music/Octuor/1434888014049/1434888556036" , "performance of 'Octuor'" , "24" ,
 "http://data.open.ac.uk/led/lexp/1434713465249" , "http://data.open.ac.uk/led/performance/http://data.open.ac.uk/led/music/Elgar+Cello+Concerto/1406035003369/1434713425399" , "performance of 'Elgar Cello Concerto'" , "24" ,
 "http://data.open.ac.uk/led/lexp/1444661596469" , "http://data.open.ac.uk/led/performance/7e81033cc45faa560441a728ac73e2a4/1444661551089" , "performance of 'Classical recital'" , "24" ,
 "http://data.open.ac.uk/led/lexp/1463778527046" , "http://data.open.ac.uk/led/performance/7c41e2a80a1ae832a0beb9f47d1e6513/1463778477893" , "performance of 'Songs'" , "25" ,
 "http://data.open.ac.uk/led/lexp/1464389049541" , "http://data.open.ac.uk/led/performance/828b85858140c688d9eadfd73bd1991d/1464388943901" , "performance of 'Five Songs Without Words, Op. 35'" , "25" ,
 "http://data.open.ac.uk/led/lexp/1464084046836" , "http://data.open.ac.uk/led/performance/db6c65c4e13c3ffae1a0a35fc3b328ff/1464083953149" , "performance of 'Songs'" , "25" ,
 "http://data.open.ac.uk/led/lexp/1464552309376" , "http://data.open.ac.uk/led/performance/dd02ea0257956c179946edbd976de58d/1464552268914" , "performance of 'Sixth Symphony'" , "25" ,
 "http://data.open.ac.uk/led/lexp/1464303566184" , "http://data.open.ac.uk/led/performance/4068bd08189a2f1b0f43c4a63f95d2e4/1464303531580" , "performance of 'Symphony no. 2'" , "25" ,
 "http://data.open.ac.uk/led/lexp/1460140703320" , "http://data.open.ac.uk/led/performance/fa67fc669f5c9bd62ef6d23fdfb1ab68/1460140682008" , "performance of 'Siegfried'" , "25" ,
 "http://data.open.ac.uk/led/lexp/1464389632276" , "http://data.open.ac.uk/led/performance/208478c77021c13c3af0f56847eb7c5a/1464389590141" , "performance of 'Piano Concerto'" , "25" ,
 "http://data.open.ac.uk/led/lexp/1464217704994" , "http://data.open.ac.uk/led/performance/d3d832642ec2487888fc16c785fc1fd7/1464217670161" , "performance of 'Piano Concerto'" , "25" ,
 "http://data.open.ac.uk/led/lexp/1464218783761" , "http://data.open.ac.uk/led/performance/d3b6b0ec79c76431f21548f3a00aaaa9/1464218758170" , "performance of 'Scherzo from Violin Concerto'" , "25" ,
 "http://data.open.ac.uk/led/lexp/1464524671521" , "http://data.open.ac.uk/led/performance/3059b2eee1c5bc89787db67ce91e295d/1464524618880" , "performance of 'Violin Concerto'" , "25" ,
 "http://data.open.ac.uk/led/lexp/1464389343439" , "http://data.open.ac.uk/led/performance/99821a4871240ff3aa548e38cbe0dff2/1464389315862" , "performance of 'Violin Concerto'" , "25" ,
 "http://data.open.ac.uk/led/lexp/1464218783761" , "http://data.open.ac.uk/led/performance/ffe56e08f5a4bf60af371049442d8fcd/1464218707092" , "performance of 'Song Without Words'" , "25" ,
 "http://data.open.ac.uk/led/lexp/1464524065120" , "http://data.open.ac.uk/led/performance/828b85858140c688d9eadfd73bd1991d/1464524030997" , "performance of 'Five Songs Without Words, Op. 35'" , "25" ,
 "http://data.open.ac.uk/led/lexp/1463778872109" , "http://data.open.ac.uk/led/performance/5097407247cdbef4b8f3350f7c3b95a9/1463778833849" , "performance of 'There are other planets, op. 9 no. 1'" , "25" ,
 "http://data.open.ac.uk/led/lexp/1434887133503" , "http://data.open.ac.uk/led/performance/http://data.open.ac.uk/led/music/Renard/1434886233669/1434887072020" , "performance of 'Renard'" , "22" ,
 "http://data.open.ac.uk/led/lexp/1391366044175" , "http://data.open.ac.uk/led/performance/unknown+(,+performance+of)/1391366460256" , "performance of 'unknown'" , "16" ,
 "http://data.open.ac.uk/led/lexp/1434714579596" , "http://data.open.ac.uk/led/performance/http://data.open.ac.uk/led/music/Haydn+Cello+Concerto+in+D/1434714547339/1434714547351" , "performance of 'Haydn Cello Concerto in D'" , "25" ,
 "http://data.open.ac.uk/led/lexp/1433267073762" , "http://data.open.ac.uk/led/performance/http://data.open.ac.uk/led/music/Beethoven/1433266848363/1433266911098" , "performance of 'Beethoven'" , "20" ,
 "http://data.open.ac.uk/led/lexp/1433267073762" , "http://data.open.ac.uk/led/performance/http://data.open.ac.uk/led/music/Brahms/1433266853023/1433267019096" , "performance of 'Brahms'" , "20" ,
 "http://data.open.ac.uk/led/lexp/1433267073762" , "http://data.open.ac.uk/led/performance/http://data.open.ac.uk/led/music/Schumann/1433266857518/1433266960912" , "performance of 'Schumann'" , "20" ,
 "http://data.open.ac.uk/led/lexp/1464552383741" , "http://data.open.ac.uk/led/performance/3e672fb09c22acdf012e59bd0d8b9d06/1464552810372" , "performance of 'Songs'" , "25" ,
 "http://data.open.ac.uk/led/lexp/1436027827350" , "http://data.open.ac.uk/led/performance/http://data.open.ac.uk/led/music/jazz+horn+music/1433525395824/1436027804095" , "performance of 'jazz horn music'" , "25" ,
 "http://data.open.ac.uk/led/lexp/1464041112834" , "http://data.open.ac.uk/led/performance/426e094c0c82cc8b82f714a5abee94cf/1464041072847" , "performance of 'The Love of Three Oranges, Op.33'" , "25" ,
 "http://data.open.ac.uk/led/lexp/1460138164073" , "http://data.open.ac.uk/led/performance/b8b94cfb6e0a81e33d29c62a84890b5c/1460138144986" , "performance of 'Operetta'" , "24" ,
 "http://data.open.ac.uk/led/lexp/1456570048060" , "http://data.open.ac.uk/led/performance/086d00e795ece0f1f2d438870c0a4ae4/1456569857759" , "performance of ''Der Rosenkavalier''" , "25" ,
 "http://data.open.ac.uk/led/lexp/1456570007088" , "http://data.open.ac.uk/led/performance/086d00e795ece0f1f2d438870c0a4ae4/1456569857759" , "performance of ''Der Rosenkavalier''" , "25" ,
 "http://data.open.ac.uk/led/lexp/1464042209373" , "http://data.open.ac.uk/led/performance/66473dd663f54c3ed081fe8977285fe4/1464042152114" , "performance of 'L'Enfant et les sortil��ges'" , "25" ,
 "http://data.open.ac.uk/led/lexp/1456570048060" , "http://data.open.ac.uk/led/performance/e2dff396d27742db928cfebdb923ebf6/1456569776822" , "performance of 'Die Fledermaus'" , "25" ,
 "http://data.open.ac.uk/led/lexp/1456570007088" , "http://data.open.ac.uk/led/performance/e2dff396d27742db928cfebdb923ebf6/1456569776822" , "performance of 'Die Fledermaus'" , "25" ,
 "http://data.open.ac.uk/led/lexp/1450294005487" , "http://data.open.ac.uk/led/performance/315b2b5ccedfd28ae14a5e040e021aeb/1450293990081" , "performance of 'The Nightingale'" , "14" ,
 "http://data.open.ac.uk/led/lexp/1460141638423" , "http://data.open.ac.uk/led/performance/c5bd968529491da3b82d9bac62712ab5/1460141568627" , "performance of 'Boris Godunov'" , "25" ,
 "http://data.open.ac.uk/led/lexp/1397647311784" , "http://data.open.ac.uk/led/performance/The+Crucifixion+(,+performance+of)/1397647250308" , "performance of 'The Crucifixion'" , "16" ,
 "http://data.open.ac.uk/led/lexp/1402485727202" , "http://data.open.ac.uk/led/performance/Home,+sweet+home+(,+performance+of)/1402485677135" , "performance of 'Home, sweet home'" , "14" ,
 "http://data.open.ac.uk/led/lexp/1436522398418" , "http://data.open.ac.uk/led/performance/http://data.open.ac.uk/led/music/'Serenata'/1436522283969/1436522283982" , "performance of ''Serenata''" , "11" ,
 "http://data.open.ac.uk/led/lexp/1435251420562" , "http://data.open.ac.uk/led/performance/http://data.open.ac.uk/led/music/Here+we+are+again!/1435251152362/1435251152374" , "performance of 'Here we are again!'" , "15" ,
 "http://data.open.ac.uk/led/lexp/1436522398418" , "http://data.open.ac.uk/led/performance/http://data.open.ac.uk/led/music/Home,+sweet+home/1402485677127/1436522320091" , "performance of 'Home, sweet home'" , "11" ,
 "http://data.open.ac.uk/led/lexp/1435251420562" , "http://data.open.ac.uk/led/performance/http://data.open.ac.uk/led/music/Keep+the+home+fires+burning/1435251212363/1435251212375" , "performance of 'Keep the home fires burning'" , "15" ,
 "http://data.open.ac.uk/led/lexp/1435251420562" , "http://data.open.ac.uk/led/performance/http://data.open.ac.uk/led/music/The+old+garden+wall/1435251193321/1435251193333" , "performance of 'The old garden wall'" , "15" ,
 "http://data.open.ac.uk/led/lexp/1435251420562" , "http://data.open.ac.uk/led/performance/http://data.open.ac.uk/led/music/Tipperary/1435251271746/1435251271758" , "performance of 'Tipperary'" , "15" ,
 "http://data.open.ac.uk/led/lexp/1435251420562" , "http://data.open.ac.uk/led/performance/http://data.open.ac.uk/led/music/When+this+bloody+war+is+over/1435251237457/1435251237469" , "performance of 'When this bloody war is over'" , "15" ,
 "http://data.open.ac.uk/led/lexp/1450293638289" , "http://data.open.ac.uk/led/performance/16678b0defbb3379265056669417d3fb/1450293620408" , "performance of 'The Nightingale'" , "14" ,
 "http://data.open.ac.uk/led/lexp/1436522398418" , "http://data.open.ac.uk/led/performance/http://data.open.ac.uk/led/music/'Pur+dicesti'/1436517894287/1436521778694" , "performance of ''Pur dicesti''" , "11" ,
 "http://data.open.ac.uk/led/lexp/1436522398418" , "http://data.open.ac.uk/led/performance/http://data.open.ac.uk/led/music/'Voi+che+sapete'+from+The+Marriage+of+Figaro/1436517840819/1436521748029" , "performance of ''Voi che sapete' from The Marriage of Figaro'" , "11" ,
 "http://data.open.ac.uk/led/lexp/1435253407531" , "http://data.open.ac.uk/led/performance/http://data.open.ac.uk/led/music/1812+overture/1435253365523/1435253365534" , "performance of '1812 overture'" , "15" ,
 "http://data.open.ac.uk/led/lexp/1435570787049" , "http://data.open.ac.uk/led/performance/http://data.open.ac.uk/led/music/Unfinished+quartet/1435570608403/1435570608419" , "performance of 'Unfinished quartet'" , "16" ,
 "http://data.open.ac.uk/led/lexp/1406802536207" , "http://data.open.ac.uk/led/performance/http://led.kmi.open.ac.uk/item/music/Reaction+to+the+premiere+of+Vaughan+Williams'+'London+Symphony'+in+a+letter+from+Holst+to+Vaughan+Williams,+29+March+1914/1406802459965/1406802459971" , "performance of ''London' Symphony'" , "14" ,
 "http://data.open.ac.uk/led/lexp/1435575727873" , "http://data.open.ac.uk/led/performance/http://data.open.ac.uk/led/music/Humoureske/1435575615244/1435575615255" , "performance of 'Humoureske'" , "16" ,
 "http://data.open.ac.uk/led/lexp/1435252280553" , "http://data.open.ac.uk/led/performance/http://data.open.ac.uk/led/music/Regimental+March+(Rifle+Brigade)/1435252210655/1435252210666" , "performance of 'Regimental March (Rifle Brigade)'" , "15" ,
 "http://data.open.ac.uk/led/lexp/1447090924950" , "http://data.open.ac.uk/led/performance/5bbba18ef040060d616c8c88bb36a09d/1447090872176" , "performance of 'coon songs'" , "15" ,
 "http://data.open.ac.uk/led/lexp/1460129584724" , "http://data.open.ac.uk/led/performance/d96f3d94fa60e5bcd5b6d9850f6ea111/1460129507754" , "performance of 'The Grey Dress, Op. 23, No. 2'" , "24" ,
 "http://data.open.ac.uk/led/lexp/1464101080401" , "http://data.open.ac.uk/led/performance/3578b85d47cd10134ad7399fc3d6176b/1464101054341" , "performance of 'The Ugly Duckling, Op. 18'" , "25" ,
 "http://data.open.ac.uk/led/lexp/1464218289759" , "http://data.open.ac.uk/led/performance/5cbbed92259b0ae1070e94455f620895/1464218262384" , "performance of 'Unnamed compositions'" , "25" ,
 "http://data.open.ac.uk/led/lexp/1464218289759" , "http://data.open.ac.uk/led/performance/dced8d45ad36625c440844650fe7e096/1464218203363" , "performance of ''Five Orchestral Pieces''" , "25" ,
 "http://data.open.ac.uk/led/lexp/1464217945298" , "http://data.open.ac.uk/led/performance/935204c894092ffd2044f0cd69a7274a/1464217917128" , "performance of 'Suite Through the Looking-Glass, Four Musical Portraits Based on Lewis Carroll'" , "25" ,
 "http://data.open.ac.uk/led/lexp/1434573166279" , "http://data.open.ac.uk/led/performance/http://data.open.ac.uk/led/music/L'Oiseau+de+Feu/1434572960103/1434573140298" , "performance of 'L'Oiseau de Feu'" , "10" ,
 "http://data.open.ac.uk/led/lexp/1445793888009" , "http://data.open.ac.uk/led/performance/cc33a2ab50fd2a2bcda124ad18ac9c0d/1445793719975" , "performance of 'Piano sonata'" , "10" ,
 "http://data.open.ac.uk/led/lexp/1397648419442" , "http://data.open.ac.uk/led/performance/The+Crucifixion+(,+performance+of)/1397648347200" , "performance of 'The Crucifixion'" , "16" ,
 "http://data.open.ac.uk/led/lexp/1445797487167" , "http://data.open.ac.uk/led/performance/6fa3b6f85690c333c848df358106d2ba/1445797417323" , "performance of 'An aria from Il Trovatore'" , "10" ,
 "http://data.open.ac.uk/led/lexp/1445798605845" , "http://data.open.ac.uk/led/performance/7f5c92a3ba1c99939befa62a26c1314b/1445798485895" , "performance of 'Piece for double bass and piano'" , "10" ,
 "http://data.open.ac.uk/led/lexp/1445798112914" , "http://data.open.ac.uk/led/performance/7337604bbb3c5c442bc710873bfc2ef3/1445798006498" , "performance of 'Piano Trio No. 2 in C major, Op. 87'" , "10" ,
 "http://data.open.ac.uk/led/lexp/1434573059497" , "http://data.open.ac.uk/led/performance/http://data.open.ac.uk/led/music/L'Oiseau+de+Feu/1434572960103/1434572960115" , "performance of 'L'Oiseau de Feu'" , "10" ,
 "http://data.open.ac.uk/led/lexp/1433066890404" , "http://data.open.ac.uk/led/performance/http://data.open.ac.uk/led/music/Anthem+from+Richard+III/1433066847673/1433066847685" , "performance of 'Anthem from Richard III'" , "18" ,
 "http://data.open.ac.uk/led/lexp/1424342953802" , "http://data.open.ac.uk/led/performance/http://musicbrainz.org/signal-group/c0c73309-32a3-4f31-9d4f-991d4f85dba3#_/1424342851288" , "performance of 'Suite'" , "11" ,
 "http://data.open.ac.uk/led/lexp/1392141651760" , "http://data.open.ac.uk/led/performance/piano+arrangements+(,+performance+of)/1392141502343" , "performance of 'piano arrangements'" , "17" ,
 "http://data.open.ac.uk/led/lexp/1389645599346" , "http://data.open.ac.uk/led/performance/Prelude+in+G+minor+(,+performance+of)/1389645560549" , "performance of 'Prelude in G minor'" , "17" ,
 "http://data.open.ac.uk/led/lexp/1444400147503" , "http://data.open.ac.uk/led/performance/2f45c3cb4b51917ce840822abc8e000a/1444400110030" , "performance of 'Classical'" , "20" ,
 "http://data.open.ac.uk/led/lexp/1400690980294" , "http://data.open.ac.uk/led/performance/Sea+Songs+(,+performance+of)/1400690935392" , "performance of 'Sea Songs'" , "16" ,
 "http://data.open.ac.uk/led/lexp/1400690980294" , "http://data.open.ac.uk/led/performance/Sonata+No.+7+(,+performance+of)/1400690843530" , "performance of 'Sonata No. 7'" , "16" ,
 "http://data.open.ac.uk/led/lexp/1436025326373" , "http://data.open.ac.uk/led/performance/http://data.open.ac.uk/led/music/swing+jazz+performance/1436025160496/1436025160502" , "performance of 'swing jazz performance'" , "22" ,
 "http://data.open.ac.uk/led/lexp/1399905582528" , "http://data.open.ac.uk/led/performance/When+Irish+eyes+are+smiling+(,+performance+of)/1399905493241" , "performance of 'When Irish eyes are smiling'" , "18" ,
 "http://data.open.ac.uk/led/lexp/1435577123675" , "http://data.open.ac.uk/led/performance/http://data.open.ac.uk/led/music/I'll+sing+thee+songs+of+Araby/1435577007887/1435577007902" , "performance of 'I'll sing thee songs of Araby'" , "16" ,
 "http://data.open.ac.uk/led/lexp/1435571382125" , "http://data.open.ac.uk/led/performance/http://data.open.ac.uk/led/music/O+Lovely+Night/1435571243797/1435571243806" , "performance of 'O Lovely Night'" , "16" ,
 "http://data.open.ac.uk/led/lexp/1435571382125" , "http://data.open.ac.uk/led/performance/http://data.open.ac.uk/led/music/Who'll+buy+my+strawberries%253F/1435571321054/1435571321065" , "performance of 'Who'll buy my strawberries?'" , "16" ,
 "http://data.open.ac.uk/led/lexp/1392133987711" , "http://data.open.ac.uk/led/performance/English+Ballad+(,+performance+of)/1392133865610" , "performance of 'English Ballad'" , "17" ,
 "http://data.open.ac.uk/led/lexp/1433167548802" , "http://data.open.ac.uk/led/performance/http://data.open.ac.uk/led/music/O+Canada/1433167213992/1433167214005" , "performance of 'O Canada'" , "17" ,
 "http://data.open.ac.uk/led/lexp/1399905582528" , "http://data.open.ac.uk/led/performance/The+Lancers+(,+performance+of)/1399905531365" , "performance of 'The Lancers'" , "18" ,
 "http://data.open.ac.uk/led/lexp/1436445995717" , "http://data.open.ac.uk/led/performance/http://data.open.ac.uk/led/music/Elektra/1436445962896/1436445962908" , "performance of 'Elektra'" , "10" ,
 "http://data.open.ac.uk/led/lexp/1387032631474" , "http://data.open.ac.uk/led/performance/Faust+(,+performance+of)/1387032600156" , "performance of 'Faust'" , "17" ,
 "http://data.open.ac.uk/led/lexp/1387031716465" , "http://data.open.ac.uk/led/performance/Romeo+and+Juliet+(,+performance+of)/1387031863751" , "performance of 'Romeo and Juliet'" , "15" ,
 "http://data.open.ac.uk/led/lexp/1433066284623" , "http://data.open.ac.uk/led/performance/http://data.open.ac.uk/led/music/Welsh+Hymns/1433066175517/1433066175529" , "performance of 'Welsh Hymns'" , "18" ,
 "http://data.open.ac.uk/led/lexp/1433066284623" , "http://data.open.ac.uk/led/performance/http://data.open.ac.uk/led/music/The+Paean+of+Wales/1433066049389/1433066049407" , "performance of 'The Paean of Wales'" , "18" ,
 "http://data.open.ac.uk/led/lexp/1456510707870" , "http://data.open.ac.uk/led/performance/28c6da0406279ab6996115590f89b27b/1456510624492" , "performance of 'Holy Night'" , "21" ,
 "http://data.open.ac.uk/led/lexp/1433167548802" , "http://data.open.ac.uk/led/performance/http://data.open.ac.uk/led/music/I+was+glad+when+they+said+unto+me/1433167377062/1433167377074" , "performance of 'I was glad when they said unto me'" , "17" ,
 "http://data.open.ac.uk/led/lexp/1432979685173" , "http://data.open.ac.uk/led/performance/http://data.open.ac.uk/led/music/Hob+y+deri/1432979624849/1432979624861" , "performance of 'Hob y deri'" , "11" ,
 "http://data.open.ac.uk/led/lexp/1397726774591" , "http://data.open.ac.uk/led/performance/The+Revenge+(,+performance+of)/1397726698337" , "performance of 'The Revenge'" , "16" ,
 "http://data.open.ac.uk/led/lexp/1434888849270" , "http://data.open.ac.uk/led/performance/http://data.open.ac.uk/led/music/Trois+Petites+Pi%25C3%25A8ces+pour+Quatuor+%25C3%25A0+Cordes%25E2%2580%2599/1434888439580/1434888439591" , "performance of 'Trois Petites Pi��ces pour Quatuor �� Cordes���'" , "24" ,
 "http://data.open.ac.uk/led/lexp/1464085795357" , "http://data.open.ac.uk/led/performance/e4db3fa7eea0bddd2e8047ba808a0a3f/1464085761540" , "performance of 'Foxtrots'" , "25" ,
 "http://data.open.ac.uk/led/lexp/1434888849270" , "http://data.open.ac.uk/led/performance/http://data.open.ac.uk/led/music/Mavra+(1922)/1396427364210/1434888628291" , "performance of 'Mavra (1922)'" , "24" ,
 "http://data.open.ac.uk/led/lexp/1464524911741" , "http://data.open.ac.uk/led/performance/d3dd86e3062fe24c4d13e1333227fe37/1464524872730" , "performance of 'Second Piano Concerto'" , "25" ,
 "http://data.open.ac.uk/led/lexp/1463781336224" , "http://data.open.ac.uk/led/performance/22320684510cb25e04b0757598f7a6ba/1463781303658" , "performance of 'Piano Sonata no. 9'" , "25" ,
 "http://data.open.ac.uk/led/lexp/1464086672768" , "http://data.open.ac.uk/led/performance/0a7a3c26d05a0f9e38fb717dd9c31fb3/1464086609484" , "performance of 'Fifth Piano Sonata'" , "25" ,
 "http://data.open.ac.uk/led/lexp/1464086672768" , "http://data.open.ac.uk/led/performance/4a7e0628c13c08fde471cb52dcac1d96/1464086449163" , "performance of 'Z��phyr et Flore'" , "25" ,
 "http://data.open.ac.uk/led/lexp/1401984378472" , "http://data.open.ac.uk/led/performance/The+Dead+March+(in+Saul)+(,+performance+of)/1401984234618" , "performance of 'The Dead March (in Saul)'" , "14" ,
 "http://data.open.ac.uk/led/lexp/1447276044375" , "http://data.open.ac.uk/led/performance/a4f14283314ad8d9353ce19ce8fde3b7/1447275977135" , "performance of 'Hebridean Songs'" , "17" ,
 "http://data.open.ac.uk/led/lexp/1460140204550" , "http://data.open.ac.uk/led/performance/63ab85e23a088a011668fd5048f1afc5/1460140161085" , "performance of 'Songs'" , "25" ,
 "http://data.open.ac.uk/led/lexp/1464553593370" , "http://data.open.ac.uk/led/performance/0904253e53450a5ffe446b23d96acbb8/1464553567307" , "performance of ''From the Shores of Your Distant Homeland''" , "25" ,
 "http://data.open.ac.uk/led/lexp/1408102727038" , "http://data.open.ac.uk/led/performance/http://led.kmi.open.ac.uk/item/performance/God+Save+the+King+(,+performance+of)/1396287549214/1408102617447" , "performance of 'God Save the King'" , "18" ,
 "http://data.open.ac.uk/led/lexp/1464218510501" , "http://data.open.ac.uk/led/performance/7a3e802d1055460ce2f59227e1eefc00/1464218480609" , "performance of 'Second piano sonata'" , "25" ,
 "http://data.open.ac.uk/led/lexp/1460140204550" , "http://data.open.ac.uk/led/performance/f211d037949b1b969d2cc495c278a335/1460140105372" , "performance of 'Five Songs of Konstantin Balmont, Op. 36'" , "25" ,
 "http://data.open.ac.uk/led/lexp/1463778527046" , "http://data.open.ac.uk/led/performance/99190808dbfbf437d62feec858535ee4/1463778427639" , "performance of 'Toccata, Op.11'" , "25" ,
 "http://data.open.ac.uk/led/lexp/1460138982089" , "http://data.open.ac.uk/led/performance/51612ca27a544f91da859fdae17d7c61/1460138949389" , "performance of 'Various pieces'" , "24" ,
 "http://data.open.ac.uk/led/lexp/1464086672768" , "http://data.open.ac.uk/led/performance/04668e7129202e21f2883dcb717c72a8/1464086666659" , "performance of 'Quintet'" , "25" ,
 "http://data.open.ac.uk/led/lexp/1464520667804" , "http://data.open.ac.uk/led/performance/a8da9e9354333ff48b63e67ef81417b5/1464520623929" , "performance of 'Fragment for pianola'" , "25" ,
 "http://data.open.ac.uk/led/lexp/1482269797678" , "http://data.open.ac.uk/led/performance/6e69a1f7d8bccf5ffd578566f533365a/1482269712817" , "performance of 'Les Biches'" , "24" ,
 "http://data.open.ac.uk/led/lexp/1482270021052" , "http://data.open.ac.uk/led/performance/8c5ad86eba5f9fbf5c3bd4a6e811ad6b/1482269971159" , "performance of 'Les F��cheux'" , "24" ,
 "http://data.open.ac.uk/led/lexp/1482270333046" , "http://data.open.ac.uk/led/performance/6e69a1f7d8bccf5ffd578566f533365a/1482270245381" , "performance of 'Les Biches'" , "24" ,
 "http://data.open.ac.uk/led/lexp/1399643380231" , "http://data.open.ac.uk/led/performance/God+Save+the+King+(,+performance+of)/1399643289413" , "performance of 'God Save the King'" , "14" ,
 "http://data.open.ac.uk/led/lexp/1464303867354" , "http://data.open.ac.uk/led/performance/4ddad81186cda724badb6b9a2015d935/1464303823225" , "performance of 'Symphony no. 2'" , "25" ,
 "http://data.open.ac.uk/led/lexp/1399643380231" , "http://data.open.ac.uk/led/performance/Russian+hymn+(,+performance+of)/1399643321538" , "performance of 'Russian hymn'" , "14" ,
 "http://data.open.ac.uk/led/lexp/1399643380231" , "http://data.open.ac.uk/led/performance/Sun+of+my+soul,+Thou+Saviour+dear+(,+performance+of)/1399643231902" , "performance of 'Sun of my soul, Thou Saviour dear'" , "14" ,
 "http://data.open.ac.uk/led/lexp/1463779291030" , "http://data.open.ac.uk/led/performance/13ddcd01115374969f89a8a2e8ead074/1463779249104" , "performance of 'Piano Concerto No. 3'" , "25" ,
 "http://data.open.ac.uk/led/lexp/1464386378281" , "http://data.open.ac.uk/led/performance/4a7e0628c13c08fde471cb52dcac1d96/1464386017255" , "performance of 'Z��phyr et Flore'" , "25" ,
 "http://data.open.ac.uk/led/lexp/1460128564466" , "http://data.open.ac.uk/led/performance/5eb68aac4e26ef52c23f72ddb24e98b4/1460128533563" , "performance of 'Le Train bleu'" , "24" ,
 "http://data.open.ac.uk/led/lexp/1463778051872" , "http://data.open.ac.uk/led/performance/0b1a419b7ed80c46391c75492f4ddadb/1463778021521" , "performance of 'Violin recital'" , "25" ,
 "http://data.open.ac.uk/led/lexp/1464521657393" , "http://data.open.ac.uk/led/performance/1a94d0acf349153f49197483e7c62de0/1464521624333" , "performance of 'Chastushki'" , "25" ,
 "http://data.open.ac.uk/led/lexp/1464041465931" , "http://data.open.ac.uk/led/performance/852d24b6d737b8b25f8b47cc8d6d4721/1464041394980" , "performance of 'Piano Concerto'" , "25" ,
 "http://data.open.ac.uk/led/lexp/1464219122848" , "http://data.open.ac.uk/led/performance/19d78755ccd52cdd4bd9c03bc2cbbec6/1464219076865" , "performance of 'Ragtime'" , "25" ,
 "http://data.open.ac.uk/led/lexp/1464085368509" , "http://data.open.ac.uk/led/performance/58913bd08b1dd5defaf24fe165f4b32d/1464085329820" , "performance of 'New ballet score'" , "25" ,
 "http://data.open.ac.uk/led/lexp/1464084977789" , "http://data.open.ac.uk/led/performance/c65df0435e55834ac4777daff0aca593/1464084954637" , "performance of 'Trap��ze'" , "25" ,
 "http://data.open.ac.uk/led/lexp/1464386378281" , "http://data.open.ac.uk/led/performance/e29749e0443f4e64ab09297bacbe0783/1464386064973" , "performance of 'Pulcinella'" , "25" ,
 "http://data.open.ac.uk/led/lexp/1464042972077" , "http://data.open.ac.uk/led/performance/58913bd08b1dd5defaf24fe165f4b32d/1464042938193" , "performance of 'New ballet score'" , "25" ,
 "http://data.open.ac.uk/led/lexp/1460128963349" , "http://data.open.ac.uk/led/performance/5d2a3138a83b28ffc31fb646c074b5b8/1460128926528" , "performance of 'Juvenalia'" , "24" ,
 "http://data.open.ac.uk/led/lexp/1450295657640" , "http://data.open.ac.uk/led/performance/8b6b6b8883a4b9b42da0fc595da8a969/1450295622659" , "performance of 'The Wedding'" , "23" ,
 "http://data.open.ac.uk/led/lexp/1481801646443" , "http://data.open.ac.uk/led/performance/1c2d5b22f3b8d2943537f61fb2d0d10f/1481801575834" , "performance of 'Le Bouef sur le toit'" , "20" ,
 "http://data.open.ac.uk/led/lexp/1481801883076" , "http://data.open.ac.uk/led/performance/1c2d5b22f3b8d2943537f61fb2d0d10f/1481801815549" , "performance of 'Le Bouef sur le toit'" , "20" ,
 "http://data.open.ac.uk/led/lexp/1481799874220" , "http://data.open.ac.uk/led/performance/cb3397a01fdf0f6b157245695ce64dd1/1481799818169" , "performance of ''Le Boeuf sur le toit''" , "20" ,
 "http://data.open.ac.uk/led/lexp/1434619301182" , "http://data.open.ac.uk/led/performance/http://data.open.ac.uk/led/music/Le+sacre+du+printemps+(1911-13)/1396427555439/1434619260025" , "performance of 'Le sacre du printemps (1911-13)'" , "14" ,
 "http://data.open.ac.uk/led/lexp/1433677497802" , "http://data.open.ac.uk/led/performance/http://data.open.ac.uk/led/music/cornet+music/1433677470728/1433677470740" , "performance of 'cornet music'" , "11" ,
 "http://data.open.ac.uk/led/lexp/1464303196822" , "http://data.open.ac.uk/led/performance/548aaa7e18d1cc6f8bdaf1159b42b06e/1464303160090" , "performance of 'Symphony no. 2'" , "25" ,
 "http://data.open.ac.uk/led/lexp/1464040440172" , "http://data.open.ac.uk/led/performance/426e094c0c82cc8b82f714a5abee94cf/1464040385107" , "performance of 'The Love of Three Oranges, Op.33'" , "25" ,
 "http://data.open.ac.uk/led/lexp/1406804482631" , "http://data.open.ac.uk/led/performance/http://led.kmi.open.ac.uk/item/music/The+first+London+performance+of+Holst's+'Choral+Symphony',+given+by+the+Royal+Philharmonic+Society+at+the+Queen's+Hall.+Letter+from+Vaughan+Williams+to+Holst,+1925/1406804445444/1406804445453" , "performance of 'Choral Symphony'" , "25" ,
 "http://data.open.ac.uk/led/lexp/1460130545308" , "http://data.open.ac.uk/led/performance/7e2ffe10fb06f7079011ee59a23b499a/1460130515580" , "performance of 'Circles, Op. 5'" , "24" ,
 "http://data.open.ac.uk/led/lexp/1432979084131" , "http://data.open.ac.uk/led/performance/http://data.open.ac.uk/led/music/folk+songs/1432908430642/1432979038413" , "performance of 'folk songs'" , "12" ,
 "http://data.open.ac.uk/led/lexp/1399978894531" , "http://data.open.ac.uk/led/performance/Onward+Christian+Soldiers+(,+performance+of)/1399978850354" , "performance of 'Onward Christian Soldiers'" , "14" ,
 "http://data.open.ac.uk/led/lexp/1435573801974" , "http://data.open.ac.uk/led/performance/http://data.open.ac.uk/led/music/Sonata/1435573759593/1435573759604" , "performance of 'Sonata'" , "16" ,
 "http://data.open.ac.uk/led/lexp/1464556981074" , "http://data.open.ac.uk/led/performance/13ddcd01115374969f89a8a2e8ead074/1464556886782" , "performance of 'Piano Concerto No. 3'" , "25" ,
 "http://data.open.ac.uk/led/lexp/1464556981074" , "http://data.open.ac.uk/led/performance/b618ba4079fa1c7136e746ac87120bca/1464556823361" , "performance of 'Violin Concerto'" , "25" ,
